{
  "project_info": {
    "project_number": "524580492408",
    "firebase_url": "https://fir-search2-6172a.firebaseio.com",
    "project_id": "fir-search2-6172a",
    "storage_bucket": "fir-search2-6172a.appspot.com"
  },
  "client": [
    {
      "client_info": {
        "mobilesdk_app_id": "1:524580492408:android:fc7db22d1636a3fa",
        "android_client_info": {
          "package_name": "com.example.om.booktest"
        }
      },
      "oauth_client": [
        {
          "client_id": "524580492408-2n6aars3e902jpjevpji0g2kicvev1dt.apps.googleusercontent.com",
          "client_type": 3
        }
      ],
      "api_key": [
        {
          "current_key": "AIzaSyAe2JHL5z9UajCEROhoQZGYZVGaa7ztRfU"
        }
      ],
      "services": {
        "analytics_service": {
          "status": 1
        },
        "appinvite_service": {
          "status": 1,
          "other_platform_oauth_client": []
        },
        "ads_service": {
          "status": 2
        }
      }
    },
    {
      "client_info": {
        "mobilesdk_app_id": "1:524580492408:android:3a2f2edba1df4913",
        "android_client_info": {
          "package_name": "com.example.om.firebasesearch"
        }
      },
      "oauth_client": [
        {
          "client_id": "524580492408-l4puta6v2dhgrnt2cvnjiigmfv23noer.apps.googleusercontent.com",
          "client_type": 1,
          "android_info": {
            "package_name": "com.example.om.firebasesearch",
            "certificate_hash": "3f645d665c2b319f2410bb7e5cf781bc797e4088"
          }
        },
        {
          "client_id": "524580492408-2n6aars3e902jpjevpji0g2kicvev1dt.apps.googleusercontent.com",
          "client_type": 3
        }
      ],
      "api_key": [
        {
          "current_key": "AIzaSyAe2JHL5z9UajCEROhoQZGYZVGaa7ztRfU"
        }
      ],
      "services": {
        "analytics_service": {
          "status": 1
        },
        "appinvite_service": {
          "status": 2,
          "other_platform_oauth_client": [
            {
              "client_id": "524580492408-2n6aars3e902jpjevpji0g2kicvev1dt.apps.googleusercontent.com",
              "client_type": 3
            }
          ]
        },
        "ads_service": {
          "status": 2
        }
      }
    },
    {
      "client_info": {
        "mobilesdk_app_id": "1:524580492408:android:05dafd50bd3d10eb",
        "android_client_info": {
          "package_name": "com.example.om.myapplication"
        }
      },
      "oauth_client": [
        {
          "client_id": "524580492408-2n6aars3e902jpjevpji0g2kicvev1dt.apps.googleusercontent.com",
          "client_type": 3
        }
      ],
      "api_key": [
        {
          "current_key": "AIzaSyAe2JHL5z9UajCEROhoQZGYZVGaa7ztRfU"
        }
      ],
      "services": {
        "analytics_service": {
          "status": 1
        },
        "appinvite_service": {
          "status": 1,
          "other_platform_oauth_client": []
        },
        "ads_service": {
          "status": 2
        }
      }
    }
  ],
  "configuration_version": "1"
}